timestamp,channel,value,train,anomaly,label
0,channel-a,10.0,1,0,normal
1,channel-a,10.1,1,0,normal
2,channel-a,10.2,1,0,normal
3,channel-a,10.3,1,0,normal
4,channel-a,10.4,1,0,normal
5,channel-a,10.0,1,0,normal
6,channel-a,10.1,1,0,normal
7,channel-a,10.2,1,0,normal
8,channel-a,10.3,1,0,normal
9,channel-a,10.4,1,0,normal
10,channel-a,10.0,1,0,normal
11,channel-a,10.1,1,0,normal
12,channel-a,10.2,1,0,normal
13,channel-a,10.3,1,0,normal
14,channel-a,10.4,1,0,normal
15,channel-a,10.0,1,0,normal
16,channel-a,10.1,1,0,normal
17,channel-a,10.2,1,0,normal
18,channel-a,10.3,1,0,normal
19,channel-a,10.4,1,0,normal
20,channel-a,10.0,1,0,normal
21,channel-a,10.1,1,0,normal
22,channel-a,10.2,1,0,normal
23,channel-a,10.3,1,0,normal
24,channel-a,10.4,1,0,normal
25,channel-a,10.0,1,0,normal
26,channel-a,10.1,1,0,normal
27,channel-a,10.2,1,0,normal
28,channel-a,10.3,1,0,normal
29,channel-a,10.4,1,0,normal
30,channel-a,10.0,1,0,normal
31,channel-a,10.1,1,0,normal
32,channel-a,10.2,1,0,normal
33,channel-a,10.3,1,0,normal
34,channel-a,10.4,1,0,normal
35,channel-a,10.0,1,0,normal
36,channel-a,10.1,1,0,normal
37,channel-a,10.2,1,0,normal
38,channel-a,10.3,1,0,normal
39,channel-a,10.4,1,0,normal
40,channel-a,10.0,1,0,normal
41,channel-a,10.1,1,0,normal
42,channel-a,10.2,1,0,normal
43,channel-a,10.3,1,0,normal
44,channel-a,10.4,1,0,normal
45,channel-a,10.0,1,0,normal
46,channel-a,10.1,1,0,normal
47,channel-a,10.2,1,0,normal
48,channel-a,10.3,1,0,normal
49,channel-a,10.4,1,0,normal
50,channel-a,10.0,1,0,normal
51,channel-a,10.1,1,0,normal
52,channel-a,10.2,1,0,normal
53,channel-a,10.3,1,0,normal
54,channel-a,10.4,1,0,normal
55,channel-a,10.0,1,0,normal
56,channel-a,10.1,1,0,normal
57,channel-a,10.2,1,0,normal
58,channel-a,10.3,1,0,normal
59,channel-a,10.4,1,0,normal
60,channel-a,10.0,1,0,normal
61,channel-a,10.1,1,0,normal
62,channel-a,10.2,1,0,normal
63,channel-a,10.3,1,0,normal
64,channel-a,10.4,1,0,normal
65,channel-a,10.0,1,0,normal
66,channel-a,10.1,1,0,normal
67,channel-a,10.2,1,0,normal
68,channel-a,10.3,1,0,normal
69,channel-a,10.4,1,0,normal
70,channel-a,10.0,1,0,normal
71,channel-a,10.1,1,0,normal
72,channel-a,10.2,1,0,normal
73,channel-a,10.3,1,0,normal
74,channel-a,10.4,1,0,normal
75,channel-a,10.0,1,0,normal
76,channel-a,10.1,1,0,normal
77,channel-a,10.2,1,0,normal
78,channel-a,10.3,1,0,normal
79,channel-a,10.4,1,0,normal
80,channel-a,20.0,1,0,normal
81,channel-a,20.1,1,0,normal
82,channel-a,20.2,1,0,normal
83,channel-a,20.3,1,0,normal
84,channel-a,20.4,1,0,normal
85,channel-a,20.0,1,0,normal
86,channel-a,20.1,1,0,normal
87,channel-a,20.2,1,0,normal
88,channel-a,20.3,1,0,normal
89,channel-a,20.4,1,0,normal
90,channel-a,20.0,1,0,normal
91,channel-a,20.1,1,0,normal
92,channel-a,20.2,1,0,normal
93,channel-a,20.3,1,0,normal
94,channel-a,20.4,1,0,normal
95,channel-a,20.0,1,0,normal
96,channel-a,20.1,1,0,normal
97,channel-a,20.2,1,0,normal
98,channel-a,20.3,1,0,normal
99,channel-a,20.4,1,0,normal
100,channel-a,20.0,1,0,normal
101,channel-a,20.1,1,0,normal
102,channel-a,20.2,1,0,normal
103,channel-a,20.3,1,0,normal
104,channel-a,20.4,1,0,normal
105,channel-a,20.0,1,0,normal
106,channel-a,20.1,1,0,normal
107,channel-a,20.2,1,0,normal
108,channel-a,20.3,1,0,normal
109,channel-a,20.4,1,0,normal
110,channel-a,20.0,1,0,normal
111,channel-a,20.1,1,0,normal
112,channel-a,20.2,1,0,normal
113,channel-a,20.3,1,0,normal
114,channel-a,20.4,1,0,normal
115,channel-a,20.0,1,0,normal
116,channel-a,20.1,1,0,normal
117,channel-a,20.2,1,0,normal
118,channel-a,20.3,1,0,normal
119,channel-a,20.4,1,0,normal
